a_mm,b_mm,Num_UV_LEDs,Num_White_LEDs,Power_ROI_mW,Uniformity_ROI,White_LED_Placeable,Total_Loss,Power_Penalty,Uniformity_Penalty,Crosstalk_Penalty
4.6,5.6,4,2,18.9,0.611,True,54031.39,15.1,0.389,0
4.8,5.6,4,2,18.4,0.613,True,54253.41,15.6,0.387,0
4.4,5.6,4,2,19.38,0.602,True,54397.04,14.62,0.398,0
4.2,5.6,4,2,19.85,0.592,True,54955.32,14.15,0.408,0
4.0,5.6,4,2,20.31,0.58,True,55711.65,13.69,0.42,0
5.0,5.6,4,2,17.89,0.596,True,56470.82,16.11,0.404,0
3.8,5.6,4,2,20.75,0.566,True,56614.42,13.25,0.434,0
4.8,5.8,4,2,17.88,0.588,True,57350.79,16.12,0.412,0
4.6,5.8,4,2,18.36,0.582,True,57466.83,15.64,0.418,0
3.6,5.6,4,2,21.17,0.551,True,57727.08,12.83,0.449,0
4.4,5.8,4,2,18.83,0.574,True,57769.89,15.17,0.426,0
4.2,5.8,4,2,19.28,0.565,True,58255.73,14.72,0.435,0
5.2,5.6,4,2,17.38,0.578,True,58809.07,16.62,0.422,0
4.0,5.8,4,2,19.72,0.553,True,58938.08,14.28,0.447,0
3.4,5.6,4,2,21.57,0.534,True,59065.1,12.43,0.466,0
5.0,5.8,4,2,17.39,0.574,True,59207.63,16.61,0.426,0
3.8,5.8,4,2,20.15,0.541,True,59751.06,13.85,0.459,0
3.2,5.6,4,2,21.96,0.514,True,60663.75,12.04,0.486,0
4.8,6.0,4,2,17.36,0.559,True,60692.45,16.64,0.441,0
3.6,5.8,4,2,20.55,0.527,True,60759.8,13.45,0.473,0
4.6,6.0,4,2,17.82,0.554,True,60765.08,16.18,0.446,0
4.4,6.0,4,2,18.27,0.547,True,61016.45,15.73,0.453,0
5.4,5.6,4,2,16.86,0.559,True,61229.32,17.14,0.441,0
5.6,5.4,4,2,16.77,0.559,True,61297.43,17.23,0.441,0
4.2,6.0,4,2,18.71,0.538,True,61446.31,15.29,0.462,0
5.2,5.8,4,2,16.9,0.556,True,61454.61,17.1,0.444,0
5.0,6.0,4,2,16.89,0.552,True,61946.14,17.11,0.448,0
3.4,5.8,4,2,20.94,0.511,True,61994.04,13.06,0.489,0
4.0,6.0,4,2,19.13,0.528,True,62062.4,14.87,0.472,0
3.0,5.6,4,2,22.32,0.492,True,62444.45,11.68,0.508,0
3.8,6.0,4,2,19.54,0.517,True,62801.47,14.46,0.483,0
3.2,5.8,4,2,21.31,0.492,True,63477.39,12.69,0.508,0
5.6,5.6,4,2,16.33,0.54,True,63646.88,17.67,0.46,0
5.8,5.4,4,2,16.23,0.541,True,63658.59,17.77,0.459,0
3.6,6.0,4,2,19.93,0.503,True,63725.8,14.07,0.497,0
5.4,5.8,4,2,16.4,0.539,True,63738.05,17.6,0.461,0
4.8,6.2,4,2,16.83,0.532,True,63935.07,17.17,0.468,0
4.6,6.2,4,2,17.27,0.528,True,63969.38,16.73,0.472,0
5.2,6.0,4,2,16.41,0.535,True,64052.99,17.59,0.465,0
4.4,6.2,4,2,17.71,0.521,True,64154.84,16.29,0.479,0
4.2,6.2,4,2,18.13,0.513,True,64534.2,15.87,0.487,0
2.8,5.6,4,2,22.66,0.468,True,64540.9,11.34,0.532,0
5.0,6.2,4,2,16.38,0.53,True,64665.89,17.62,0.47,0
3.4,6.0,4,2,20.31,0.488,True,64867.92,13.69,0.512,0
4.0,6.2,4,2,18.53,0.504,True,65084.87,15.47,0.496,0
3.0,5.8,4,2,21.66,0.472,True,65137.42,12.34,0.528,0
3.8,6.2,4,2,18.93,0.493,True,65752.62,15.07,0.507,0
6.0,5.4,4,2,15.68,0.525,True,65806.94,18.32,0.475,0
5.8,5.6,4,2,15.81,0.523,True,65861.79,18.19,0.477,0
5.6,5.8,4,2,15.89,0.521,True,66014.92,18.11,0.479,0
5.4,6.0,4,2,15.93,0.519,True,66196.59,18.07,0.481,0
3.2,6.0,4,2,20.66,0.471,True,66248.89,13.34,0.529,0
2.6,5.6,4,2,22.98,0.445,True,66517.21,11.02,0.555,0
3.6,6.2,4,2,19.3,0.481,True,66596.99,14.7,0.519,0
5.2,6.2,4,2,15.92,0.514,True,66646.38,18.08,0.486,0
4.8,6.4,4,2,16.3,0.507,True,66955.79,17.7,0.493,0
4.6,6.4,4,2,16.72,0.503,True,66981.97,17.28,0.497,0
2.8,5.8,4,2,21.99,0.449,True,67118.82,12.01,0.551,0
4.4,6.4,4,2,17.14,0.497,True,67139.13,16.86,0.503,0
5.0,6.4,4,2,15.87,0.509,True,67243.71,18.13,0.491,0
4.2,6.4,4,2,17.54,0.49,True,67462.31,16.46,0.51,0
3.4,6.2,4,2,19.66,0.467,True,67652.48,14.34,0.533,0
6.2,5.4,4,2,15.14,0.511,True,67759.56,18.86,0.489,0
3.0,6.0,4,2,21.0,0.452,True,67783.74,13.0,0.548,0
6.0,5.6,4,2,15.28,0.508,True,67886.15,18.72,0.492,0
4.0,6.4,4,2,17.93,0.481,True,67966.56,16.07,0.519,0
5.8,5.8,4,2,15.38,0.505,True,68100.58,18.62,0.495,0
5.6,6.0,4,2,15.44,0.502,True,68338.98,18.56,0.498,0
2.4,5.6,4,2,23.27,0.423,True,68393.29,10.73,0.577,0
3.8,6.4,4,2,18.31,0.471,True,68581.8,15.69,0.529,0
5.4,6.2,4,2,15.46,0.499,True,68653.07,18.54,0.501,0
3.2,6.2,4,2,20.01,0.451,True,68941.06,13.99,0.549,0
2.6,5.8,4,2,22.3,0.427,True,68987.13,11.7,0.573,0
5.2,6.4,4,2,15.43,0.495,True,69080.22,18.57,0.505,0
3.6,6.4,4,2,18.67,0.46,True,69364.89,15.33,0.54,0
6.4,5.4,4,2,14.61,0.499,True,69521.01,19.39,0.501,0
2.8,6.0,4,2,21.32,0.43,True,69657.66,12.68,0.57,0
4.8,6.6,4,2,15.77,0.486,True,69670.24,18.23,0.514,0
4.6,6.6,4,2,16.18,0.481,True,69686.17,17.82,0.519,0
6.2,5.6,4,2,14.76,0.495,True,69724.05,19.24,0.505,0
5.0,6.6,4,2,15.35,0.488,True,69798.66,18.65,0.512,0
4.4,6.6,4,2,16.57,0.476,True,69829.01,17.43,0.524,0
6.0,5.8,4,2,14.88,0.491,True,69996.95,19.12,0.509,0
2.2,5.6,4,2,23.54,0.404,True,70093.65,10.46,0.596,0
4.2,6.6,4,2,16.96,0.469,True,70112.58,17.04,0.531,0
5.8,6.0,4,2,14.95,0.487,True,70301.46,19.05,0.513,0
3.4,6.4,4,2,19.02,0.446,True,70348.37,14.98,0.554,0
3.0,6.2,4,2,20.33,0.433,True,70377.72,13.67,0.567,0
4.0,6.6,4,2,17.33,0.461,True,70566.78,16.67,0.539,0
5.6,6.2,4,2,14.99,0.484,True,70661.76,19.01,0.516,0
2.4,5.8,4,2,22.58,0.406,True,70767.95,11.42,0.594,0
5.4,6.4,4,2,14.98,0.481,True,70967.35,19.02,0.519,0
6.6,5.4,4,2,14.08,0.488,True,71111.71,19.92,0.512,0
3.8,6.6,4,2,17.7,0.452,True,71141.44,16.3,0.548,0
5.2,6.6,4,2,14.93,0.478,True,71280.25,19.07,0.522,0
6.4,5.6,4,2,14.24,0.484,True,71379.29,19.76,0.516,0
2.6,6.0,4,2,21.61,0.41,True,71428.03,12.39,0.59,0
3.2,6.4,4,2,19.35,0.431,True,71552.61,14.65,0.569,0
2.0,5.6,4,2,23.79,0.386,True,71558.73,10.21,0.614,0
6.2,5.8,4,2,14.37,0.479,True,71717.46,19.63,0.521,0
3.6,6.6,4,2,18.04,0.441,True,71881.83,15.96,0.559,0
6.0,6.0,4,2,14.46,0.475,True,72082.03,19.54,0.525,0
4.8,6.8,4,2,15.24,0.466,True,72119.02,18.76,0.534,0
4.6,6.8,4,2,15.63,0.462,True,72122.21,18.37,0.538,0
2.8,6.2,4,2,20.64,0.412,True,72146.17,13.36,0.588,0
5.0,6.8,4,2,14.84,0.469,True,72242.93,19.16,0.531,0
4.4,6.8,4,2,16.01,0.457,True,72254.65,17.99,0.543,0
2.2,5.8,4,2,22.85,0.388,True,72379.77,11.15,0.612,0
5.8,6.2,4,2,14.52,0.47,True,72493.48,19.48,0.53,0
4.2,6.8,4,2,16.38,0.451,True,72518.99,17.62,0.549,0
6.8,5.4,4,2,13.56,0.479,True,72544.62,20.44,0.521,0
3.4,6.6,4,2,18.37,0.428,True,72805.33,15.63,0.572,0
1.8,5.6,4,2,24.02,0.371,True,72845.36,9.98,0.629,0
5.6,6.4,4,2,14.53,0.466,True,72858.53,19.47,0.534,0
6.6,5.6,4,2,13.73,0.474,True,72871.6,20.27,0.526,0
3.0,6.4,4,2,19.66,0.414,True,72900.26,14.34,0.586,0
4.0,6.8,4,2,16.74,0.443,True,72922.05,17.26,0.557,0
5.4,6.6,4,2,14.51,0.464,True,73054.52,19.49,0.536,0
2.4,6.0,4,2,21.89,0.39,True,73110.47,12.11,0.61,0
6.4,5.8,4,2,13.87,0.469,True,73264.8,20.13,0.531,0
5.2,6.8,4,2,14.44,0.463,True,73274.82,19.56,0.537,0
3.8,6.8,4,2,17.08,0.435,True,73463.65,16.92,0.565,0
6.2,6.0,4,2,13.98,0.463,True,73694.63,20.02,0.537,0
2.0,5.8,4,2,23.09,0.371,True,73766.93,10.91,0.629,0
2.6,6.2,4,2,20.92,0.393,True,73815.75,13.08,0.607,0
7.0,5.4,4,2,13.04,0.471,True,73830.29,20.96,0.529,0
3.2,6.6,4,2,18.69,0.414,True,73944.07,15.31,0.586,0
1.6,5.6,4,2,24.22,0.358,True,73986.09,9.78,0.642,0
6.0,6.2,4,2,14.05,0.458,True,74156.85,19.95,0.542,0
3.6,6.8,4,2,17.41,0.424,True,74168.87,16.59,0.576,0
6.8,5.6,4,2,13.23,0.466,True,74213.16,20.77,0.534,0
4.6,7.0,4,2,15.09,0.446,True,74318.28,18.91,0.554,0
4.8,7.0,4,2,14.71,0.45,True,74322.78,19.29,0.55,0
5.0,7.0,4,2,14.34,0.452,True,74440.41,19.66,0.548,0
4.4,7.0,4,2,15.45,0.441,True,74444.11,18.55,0.559,0
2.8,6.4,4,2,19.95,0.395,True,74569.83,14.05,0.605,0
5.8,6.4,4,2,14.08,0.453,True,74592.25,19.92,0.547,0
2.2,6.0,4,2,22.14,0.372,True,74634.8,11.86,0.628,0
6.6,5.8,4,2,13.38,0.46,True,74657.04,20.62,0.54,0
4.2,7.0,4,2,15.8,0.435,True,74695.92,18.2,0.565,0
5.6,6.6,4,2,14.08,0.451,True,74836.13,19.92,0.549,0
5.4,6.8,4,2,14.03,0.45,True,74942.33,19.97,0.55,0
1.4,5.6,4,2,24.39,0.346,True,74984.23,9.61,0.654,0
1.8,5.8,4,2,23.3,0.357,True,74987.13,10.7,0.643,0
3.4,6.8,4,2,17.73,0.412,True,75045.53,16.27,0.588,0
4.0,7.0,4,2,16.14,0.428,True,75075.87,17.86,0.572,0
5.2,7.0,4,2,13.95,0.45,True,75083.07,20.05,0.55,0
6.4,6.0,4,2,13.5,0.454,True,75141.82,20.5,0.546,0
7.2,5.4,4,2,12.54,0.463,True,75190.86,21.46,0.537,0
3.0,6.6,4,2,18.99,0.398,True,75226.74,15.01,0.602,0
2.4,6.2,4,2,21.18,0.374,True,75408.93,12.82,0.626,0
7.0,5.6,4,2,12.73,0.459,True,75413.88,21.27,0.541,0
3.8,7.0,4,2,16.47,0.42,True,75574.98,17.53,0.58,0
6.2,6.2,4,2,13.58,0.448,True,75662.09,20.42,0.552,0
6.8,5.8,4,2,12.89,0.452,True,75905.49,21.11,0.548,0
2.0,6.0,4,2,22.37,0.357,True,75945.84,11.63,0.643,0
1.6,5.8,4,2,23.5,0.344,True,76068.59,10.5,0.656,0
3.2,6.8,4,2,18.03,0.398,True,76137.4,15.97,0.602,0
2.6,6.4,4,2,20.23,0.376,True,76144.72,13.77,0.624,0
6.0,6.4,4,2,13.63,0.442,True,76158.58,20.37,0.558,0
3.6,7.0,4,2,16.79,0.41,True,76247.35,17.21,0.59,0
4.6,7.2,4,2,14.55,0.432,True,76297.24,19.45,0.568,0
4.8,7.2,4,2,14.19,0.435,True,76305.44,19.81,0.565,0
5.0,7.2,4,2,13.83,0.438,True,76414.72,20.17,0.562,0
4.4,7.2,4,2,14.89,0.427,True,76420.18,19.11,0.573,0
6.6,6.0,4,2,13.02,0.445,True,76440.97,20.98,0.555,0
5.8,6.6,4,2,13.65,0.439,True,76479.83,20.35,0.561,0
7.2,5.6,4,2,12.25,0.453,True,76483.24,21.75,0.547,0
7.4,5.4,4,2,12.06,0.454,True,76566.92,21.94,0.546,0
5.6,6.8,4,2,13.62,0.438,True,76621.87,20.38,0.562,0
5.4,7.0,4,2,13.56,0.438,True,76647.49,20.44,0.562,0
4.2,7.2,4,2,15.23,0.421,True,76663.94,18.77,0.579,0
5.2,7.2,4,2,13.47,0.438,True,76714.32,20.53,0.562,0
2.8,6.6,4,2,19.27,0.379,True,76811.31,14.73,0.621,0
2.2,6.2,4,2,21.43,0.357,True,76852.35,12.57,0.643,0
6.4,6.2,4,2,13.12,0.439,True,77010.4,20.88,0.561,0
1.4,5.8,4,2,23.67,0.333,True,77015.02,10.33,0.667,0
7.0,5.8,4,2,12.41,0.446,True,77019.31,21.59,0.554,0
4.0,7.2,4,2,15.56,0.414,True,77033.19,18.44,0.586,0
3.4,7.0,4,2,17.09,0.398,True,77091.05,16.91,0.602,0
1.8,6.0,4,2,22.58,0.343,True,77098.15,11.42,0.657,0
3.0,6.8,4,2,18.32,0.383,True,77366.77,15.68,0.617,0
7.4,5.6,4,2,11.77,0.448,True,77430.27,22.23,0.552,0
3.8,7.2,4,2,15.87,0.406,True,77501.5,18.13,0.594,0
6.2,6.4,4,2,13.18,0.432,True,77571.6,20.82,0.568,0
6.8,6.0,4,2,12.55,0.438,True,77602.7,21.45,0.562,0
2.4,6.4,4,2,20.48,0.359,True,77647.88,13.52,0.641,0
7.6,5.4,4,2,11.58,0.446,True,77788.23,22.42,0.554,0
6.0,6.6,4,2,13.22,0.428,True,77960.86,20.78,0.572,0
7.2,5.8,4,2,11.95,0.44,True,78006.35,22.05,0.56,0
4.6,7.4,4,2,14.02,0.419,True,78085.61,19.98,0.581,0
4.8,7.4,4,2,13.68,0.422,True,78087.59,20.32,0.578,0
2.0,6.2,4,2,21.65,0.343,True,78092.62,12.35,0.657,0
1.6,6.0,4,2,22.77,0.331,True,78120.62,11.23,0.669,0
3.6,7.2,4,2,16.17,0.397,True,78135.97,17.83,0.603,0
3.2,7.0,4,2,17.38,0.385,True,78143.99,16.62,0.615,0
5.8,6.8,4,2,13.21,0.426,True,78179.63,20.79,0.574,0
5.4,7.2,4,2,13.1,0.427,True,78183.87,20.9,0.573,0
5.0,7.4,4,2,13.34,0.425,True,78186.51,20.66,0.575,0
4.4,7.4,4,2,14.35,0.415,True,78202.35,19.65,0.585,0
6.6,6.2,4,2,12.66,0.431,True,78217.79,21.34,0.569,0
7.6,5.6,4,2,11.31,0.445,True,78219.78,22.69,0.555,0
5.6,7.0,4,2,13.17,0.426,True,78232.46,20.83,0.574,0
2.6,6.6,4,2,19.53,0.362,True,78287.49,14.47,0.638,0
5.2,7.4,4,2,12.99,0.426,True,78386.74,21.01,0.574,0
4.2,7.4,4,2,14.67,0.409,True,78442.12,19.33,0.591,0
7.0,6.0,4,2,12.09,0.433,True,78635.56,21.91,0.567,0
4.0,7.4,4,2,14.98,0.402,True,78812.88,19.02,0.598,0
6.4,6.4,4,2,12.74,0.424,True,78833.7,21.26,0.576,0
2.8,6.8,4,2,18.59,0.366,True,78855.01,15.41,0.634,0
7.8,5.6,4,2,10.87,0.443,True,78860.19,23.13,0.557,0
7.8,5.4,4,2,11.12,0.44,True,78866.36,22.88,0.56,0
7.4,5.8,4,2,11.49,0.436,True,78876.65,22.51,0.564,0
3.4,7.2,4,2,16.46,0.386,True,78954.44,17.54,0.614,0
2.2,6.4,4,2,20.71,0.343,True,79013.23,13.29,0.657,0
1.4,6.0,4,2,22.93,0.32,True,79016.16,11.07,0.68,0
1.8,6.2,4,2,21.85,0.33,True,79184.25,12.15,0.67,0
3.8,7.4,4,2,15.28,0.394,True,79277.15,18.72,0.606,0
6.2,6.6,4,2,12.79,0.419,True,79293.02,21.21,0.581,0
6.8,6.2,4,2,12.21,0.425,True,79294.05,21.79,0.575,0
3.0,7.0,4,2,17.65,0.37,True,79326.0,16.35,0.63,0
7.2,6.0,4,2,11.64,0.428,True,79547.76,22.36,0.572,0
5.4,7.4,4,2,12.64,0.418,True,79563.95,21.36,0.582,0
6.0,6.8,4,2,12.8,0.416,True,79582.31,21.2,0.584,0
7.6,5.8,4,2,11.04,0.434,True,79596.75,22.96,0.566,0
5.6,7.2,4,2,12.72,0.416,True,79681.33,21.28,0.584,0
2.4,6.6,4,2,19.77,0.345,True,79707.91,14.23,0.655,0
5.8,7.0,4,2,12.78,0.415,True,79709.16,21.22,0.585,0
4.8,7.6,4,2,13.18,0.411,True,79720.66,20.82,0.589,0
4.6,7.6,4,2,13.5,0.408,True,79731.26,20.5,0.592,0
8.0,5.6,4,2,10.44,0.438,True,79803.46,23.56,0.562,0
5.0,7.6,4,2,12.85,0.413,True,79804.77,21.15,0.587,0
8.0,5.4,4,2,10.68,0.435,True,79823.13,23.32,0.565,0
4.4,7.6,4,2,13.81,0.403,True,79854.06,20.19,0.597,0
3.6,7.4,4,2,15.56,0.386,True,79884.34,18.44,0.614,0
6.6,6.4,4,2,12.3,0.417,True,79961.11,21.7,0.583,0
3.2,7.2,4,2,16.74,0.373,True,79979.44,17.26,0.627,0
5.2,7.6,4,2,12.52,0.415,True,79992.8,21.48,0.585,0
4.2,7.6,4,2,14.11,0.398,True,80106.08,19.89,0.602,0
7.8,5.8,4,2,10.61,0.432,True,80137.39,23.39,0.568,0
1.6,6.2,4,2,22.03,0.318,True,80153.25,11.97,0.682,0
2.0,6.4,4,2,20.93,0.329,True,80186.27,13.07,0.671,0
7.0,6.2,4,2,11.77,0.42,True,80247.1,22.23,0.58,0
2.6,6.8,4,2,18.84,0.349,True,80256.36,15.16,0.651,0
7.4,6.0,4,2,11.2,0.425,True,80347.2,22.8,0.575,0
6.4,6.6,4,2,12.36,0.412,True,80479.06,21.64,0.588,0
4.0,7.6,4,2,14.41,0.391,True,80482.78,19.59,0.609,0
8.0,5.8,4,2,10.2,0.432,True,80585.44,23.8,0.568,0
3.4,7.4,4,2,15.84,0.375,True,80688.7,18.16,0.625,0
2.8,7.0,4,2,17.91,0.354,True,80721.93,16.09,0.646,0
5.4,7.6,4,2,12.19,0.41,True,80799.21,21.81,0.59,0
6.2,6.8,4,2,12.39,0.408,True,80841.69,21.61,0.592,0
3.8,7.6,4,2,14.69,0.384,True,80944.99,19.31,0.616,0
6.8,6.4,4,2,11.87,0.412,True,80963.17,22.13,0.588,0
5.6,7.4,4,2,12.28,0.407,True,80980.36,21.72,0.593,0
7.6,6.0,4,2,10.77,0.422,True,81002.44,23.23,0.578,0
1.4,6.2,4,2,22.19,0.308,True,81002.46,11.81,0.692,0
2.2,6.6,4,2,20.0,0.33,True,81006.64,14.0,0.67,0
6.0,7.0,4,2,12.39,0.406,True,81038.98,21.61,0.594,0
5.8,7.2,4,2,12.35,0.406,True,81082.34,21.65,0.594,0
7.2,6.2,4,2,11.33,0.416,True,81088.28,22.67,0.584,0
3.0,7.2,4,2,17.0,0.359,True,81140.64,17.0,0.641,0
1.8,6.4,4,2,21.12,0.317,True,81214.67,12.88,0.683,0
4.8,7.8,4,2,12.69,0.401,True,81249.91,21.31,0.599,0
4.6,7.8,4,2,12.99,0.397,True,81273.79,21.01,0.603,0
5.0,7.8,4,2,12.38,0.403,True,81318.75,21.62,0.597,0
4.4,7.8,4,2,13.28,0.393,True,81402.84,20.72,0.607,0
7.8,6.0,4,2,10.36,0.422,True,81475.81,23.64,0.578,0
5.2,7.8,4,2,12.06,0.404,True,81494.3,21.94,0.596,0
6.6,6.6,4,2,11.94,0.405,True,81535.82,22.06,0.595,0
3.6,7.6,4,2,14.97,0.375,True,81551.76,19.03,0.625,0
2.4,6.8,4,2,19.07,0.333,True,81601.75,14.93,0.667,0
4.2,7.8,4,2,13.57,0.388,True,81650.18,20.43,0.612,0
3.2,7.4,4,2,16.1,0.362,True,81706.43,17.9,0.638,0
7.4,6.2,4,2,10.91,0.413,True,81821.48,23.09,0.587,0
7.0,6.4,4,2,11.44,0.407,True,81847.44,22.56,0.593,0
8.0,6.0,4,2,9.95,0.422,True,81860.71,24.05,0.578,0
5.4,7.8,4,2,11.74,0.404,True,81900.28,22.26,0.596,0
6.4,6.8,4,2,11.98,0.401,True,81959.63,22.02,0.599,0
4.0,7.8,4,2,13.85,0.381,True,82020.59,20.15,0.619,0
2.6,7.0,4,2,18.15,0.338,True,82068.75,15.85,0.662,0
2.0,6.6,4,2,20.2,0.317,True,82122.86,13.8,0.683,0
1.6,6.4,4,2,21.3,0.306,True,82127.82,12.7,0.694,0
5.6,7.6,4,2,11.85,0.4,True,82140.42,22.15,0.6,0
6.2,7.0,4,2,11.99,0.398,True,82231.69,22.01,0.602,0
5.8,7.4,4,2,11.93,0.398,True,82311.07,22.07,0.602,0
3.4,7.6,4,2,15.23,0.364,True,82326.88,18.77,0.636,0
6.0,7.2,4,2,11.98,0.397,True,82344.41,22.02,0.603,0
7.6,6.2,4,2,10.5,0.411,True,82412.6,23.5,0.589,0
2.8,7.2,4,2,17.24,0.343,True,82466.74,16.76,0.657,0
6.8,6.6,4,2,11.52,0.4,True,82472.2,22.48,0.6,0
3.8,7.8,4,2,14.12,0.374,True,82477.06,19.88,0.626,0
7.2,6.4,4,2,11.02,0.404,True,82621.17,22.98,0.596,0
4.8,8.0,4,2,12.2,0.392,True,82626.56,21.8,0.608,0
4.6,8.0,4,2,12.49,0.388,True,82660.87,21.51,0.612,0
5.0,8.0,4,2,11.91,0.394,True,82686.54,22.09,0.606,0
4.4,8.0,4,2,12.77,0.384,True,82797.01,21.23,0.616,0
7.8,6.2,4,2,10.1,0.411,True,82830.54,23.9,0.589,0
2.2,6.8,4,2,19.29,0.319,True,82833.5,14.71,0.681,0
3.0,7.4,4,2,16.35,0.348,True,82835.93,17.65,0.652,0
5.2,8.0,4,2,11.61,0.395,True,82846.14,22.39,0.605,0
1.4,6.4,4,2,21.45,0.296,True,82931.02,12.55,0.704,0
6.6,6.8,4,2,11.58,0.395,True,82953.49,22.42,0.605,0
4.2,8.0,4,2,13.04,0.379,True,83047.48,20.96,0.621,0
3.6,7.8,4,2,14.38,0.365,True,83077.22,19.62,0.635,0
5.4,8.0,4,2,11.31,0.396,True,83079.03,22.69,0.604,0
1.8,6.6,4,2,20.39,0.305,True,83093.48,13.61,0.695,0
8.0,6.2,4,2,9.71,0.411,True,83163.12,24.29,0.589,0
5.6,7.8,4,2,11.42,0.394,True,83171.62,22.58,0.606,0
6.4,7.0,4,2,11.6,0.391,True,83287.91,22.4,0.609,0
7.4,6.4,4,2,10.62,0.401,True,83291.24,23.38,0.599,0
7.0,6.6,4,2,11.11,0.396,True,83295.53,22.89,0.604,0
3.2,7.6,4,2,15.48,0.352,True,83319.69,18.52,0.648,0
2.4,7.0,4,2,18.37,0.323,True,83358.79,15.63,0.677,0
5.8,7.6,4,2,11.51,0.391,True,83406.02,22.49,0.609,0
4.0,8.0,4,2,13.31,0.373,True,83416.08,20.69,0.627,0
6.2,7.2,4,2,11.6,0.389,True,83475.04,22.4,0.611,0
6.0,7.4,4,2,11.57,0.389,True,83510.3,22.43,0.611,0
2.6,7.2,4,2,17.47,0.328,True,83776.72,16.53,0.672,0
7.6,6.4,4,2,10.22,0.4,True,83820.69,23.78,0.6,0
6.8,6.8,4,2,11.18,0.39,True,83831.46,22.82,0.61,0
3.4,7.8,4,2,14.63,0.355,True,83835.14,19.37,0.645,0
4.8,8.2,4,2,11.73,0.384,True,83858.4,22.27,0.616,0
3.8,8.0,4,2,13.57,0.366,True,83872.91,20.43,0.634,0
4.6,8.2,4,2,12.01,0.381,True,83904.79,21.99,0.619,0
5.0,8.2,4,2,11.46,0.386,True,83910.09,22.54,0.614,0
2.0,6.8,4,2,19.48,0.306,True,83926.0,14.52,0.694,0
1.6,6.6,4,2,20.56,0.295,True,83969.09,13.44,0.705,0
7.2,6.6,4,2,10.71,0.393,True,84012.73,23.29,0.607,0
4.4,8.2,4,2,12.27,0.377,True,84050.05,21.73,0.623,0
5.2,8.2,4,2,11.18,0.388,True,84051.13,22.82,0.612,0
5.6,8.0,4,2,11.01,0.389,True,84083.34,22.99,0.611,0
2.8,7.4,4,2,16.58,0.333,True,84105.13,17.42,0.667,0
7.8,6.4,4,2,9.83,0.4,True,84186.12,24.17,0.6,0
6.6,7.0,4,2,11.22,0.386,True,84225.25,22.78,0.614,0
5.4,8.2,4,2,10.89,0.388,True,84263.5,23.11,0.612,0
4.2,8.2,4,2,12.53,0.372,True,84305.82,21.47,0.628,0
5.8,7.8,4,2,11.1,0.385,True,84376.94,22.9,0.615,0
3.0,7.6,4,2,15.71,0.339,True,84383.2,18.29,0.661,0
3.6,8.0,4,2,13.81,0.357,True,84462.25,20.19,0.643,0
8.0,6.4,4,2,9.46,0.401,True,84469.15,24.54,0.599,0
6.4,7.2,4,2,11.23,0.383,True,84475.43,22.77,0.617,0
2.2,7.0,4,2,18.58,0.309,True,84545.1,15.42,0.691,0
6.0,7.6,4,2,11.17,0.383,True,84547.04,22.83,0.617,0
6.2,7.4,4,2,11.21,0.382,True,84583.41,22.79,0.618,0
7.0,6.8,4,2,10.79,0.386,True,84600.66,23.21,0.614,0
7.4,6.6,4,2,10.32,0.39,True,84630.36,23.68,0.61,0
4.0,8.2,4,2,12.78,0.366,True,84665.7,21.22,0.634,0
1.4,6.6,4,2,20.71,0.285,True,84747.24,13.29,0.715,0
3.2,7.8,4,2,14.87,0.344,True,84772.54,19.13,0.656,0
1.8,6.8,4,2,19.66,0.295,True,84862.86,14.34,0.705,0
5.6,8.2,4,2,10.6,0.385,True,84884.26,23.4,0.615,0
4.8,8.4,4,2,11.28,0.378,True,84890.13,22.72,0.622,0
5.0,8.4,4,2,11.02,0.381,True,84927.09,22.98,0.619,0
4.6,8.4,4,2,11.54,0.375,True,84942.52,22.46,0.625,0
2.4,7.2,4,2,17.68,0.313,True,85011.44,16.32,0.687,0
6.8,7.0,4,2,10.84,0.381,True,85050.99,23.16,0.619,0
5.2,8.4,4,2,10.75,0.382,True,85056.21,23.25,0.618,0
4.4,8.4,4,2,11.79,0.371,True,85089.83,22.21,0.629,0
7.6,6.6,4,2,9.94,0.39,True,85092.06,24.06,0.61,0
3.8,8.2,4,2,13.02,0.359,True,85108.58,20.98,0.641,0
3.4,8.0,4,2,14.05,0.348,True,85188.75,19.95,0.652,0
5.8,8.0,4,2,10.7,0.381,True,85232.82,23.3,0.619,0
5.4,8.4,4,2,10.48,0.383,True,85253.02,23.52,0.617,0
7.2,6.8,4,2,10.4,0.383,True,85267.72,23.6,0.617,0
4.2,8.4,4,2,12.03,0.366,True,85343.88,21.97,0.634,0
6.6,7.2,4,2,10.86,0.378,True,85361.59,23.14,0.622,0
2.6,7.4,4,2,16.8,0.318,True,85363.49,17.2,0.682,0
7.8,6.6,4,2,9.57,0.39,True,85416.79,24.43,0.61,0
6.0,7.8,4,2,10.78,0.378,True,85464.07,23.22,0.622,0
6.4,7.4,4,2,10.86,0.376,True,85532.62,23.14,0.624,0
5.6,8.4,4,2,10.21,0.383,True,85534.58,23.79,0.617,0
6.2,7.6,4,2,10.83,0.376,True,85566.8,23.17,0.624,0
2.0,7.0,4,2,18.77,0.296,True,85611.55,15.23,0.704,0
2.8,7.6,4,2,15.94,0.324,True,85618.41,18.06,0.676,0
8.0,6.6,4,2,9.21,0.391,True,85661.77,24.79,0.609,0
3.6,8.2,4,2,13.26,0.351,True,85670.56,20.74,0.649,0
1.6,6.8,4,2,19.82,0.285,True,85704.22,14.18,0.715,0
4.0,8.4,4,2,12.27,0.36,True,85716.18,21.73,0.64,0
4.8,8.6,4,2,10.84,0.374,True,85767.32,23.16,0.626,0
7.0,7.0,4,2,10.46,0.378,True,85771.93,23.54,0.622,0
3.0,7.8,4,2,15.09,0.331,True,85776.55,18.91,0.669,0
5.0,8.6,4,2,10.59,0.376,True,85793.02,23.41,0.624,0
4.6,8.6,4,2,11.08,0.371,True,85837.8,22.92,0.629,0
7.4,6.8,4,2,10.03,0.381,True,85838.9,23.97,0.619,0
5.2,8.6,4,2,10.34,0.378,True,85899.8,23.66,0.622,0
5.8,8.2,4,2,10.31,0.377,True,85981.95,23.69,0.623,0
4.4,8.6,4,2,11.32,0.367,True,86001.43,22.68,0.633,0
3.2,8.0,4,2,14.27,0.337,True,86066.24,19.73,0.663,0
5.4,8.6,4,2,10.08,0.378,True,86076.06,23.92,0.622,0
2.2,7.2,4,2,17.88,0.3,True,86140.27,16.12,0.7,0
6.8,7.2,4,2,10.5,0.374,True,86140.35,23.5,0.626,0
3.8,8.4,4,2,12.5,0.353,True,86164.14,21.5,0.647,0
7.6,6.8,4,2,9.66,0.381,True,86229.9,24.34,0.619,0
4.2,8.6,4,2,11.55,0.362,True,86269.41,22.45,0.638,0
6.0,8.0,4,2,10.4,0.373,True,86270.05,23.6,0.627,0
5.6,8.6,4,2,9.83,0.378,True,86336.48,24.17,0.622,0
6.6,7.4,4,2,10.51,0.371,True,86372.23,23.49,0.629,0
3.4,8.2,4,2,13.48,0.341,True,86372.25,20.52,0.659,0
7.2,7.0,4,2,10.1,0.375,True,86394.42,23.9,0.625,0
6.2,7.8,4,2,10.46,0.371,True,86434.31,23.54,0.629,0
1.4,6.8,4,2,19.96,0.276,True,86442.93,14.04,0.724,0
6.4,7.6,4,2,10.5,0.37,True,86469.0,23.5,0.63,0
1.8,7.0,4,2,18.94,0.285,True,86519.57,15.06,0.715,0
7.8,6.8,4,2,9.31,0.382,True,86519.72,24.69,0.618,0
2.4,7.4,4,2,17.01,0.305,True,86533.16,16.99,0.695,0
4.8,8.8,4,2,10.41,0.37,True,86544.31,23.59,0.63,0
5.0,8.8,4,2,10.18,0.373,True,86552.42,23.82,0.627,0
5.8,8.4,4,2,9.94,0.375,True,86552.48,24.06,0.625,0
4.6,8.8,4,2,10.64,0.367,True,86627.82,23.36,0.633,0
5.2,8.8,4,2,9.94,0.374,True,86636.75,24.06,0.626,0
4.0,8.6,4,2,11.77,0.356,True,86652.49,22.23,0.644,0
3.6,8.4,4,2,12.72,0.345,True,86731.84,21.28,0.655,0
8.0,6.8,4,2,8.96,0.383,True,86732.08,25.04,0.617,0
5.4,8.8,4,2,9.7,0.375,True,86797.05,24.3,0.625,0
4.4,8.8,4,2,10.87,0.363,True,86808.61,23.13,0.637,0
2.6,7.6,4,2,16.14,0.31,True,86815.93,17.86,0.69,0
7.0,7.2,4,2,10.14,0.37,True,86818.1,23.86,0.63,0
7.4,7.0,4,2,9.74,0.374,True,86901.67,24.26,0.626,0
6.0,8.2,4,2,10.02,0.37,True,86972.96,23.98,0.63,0
2.8,7.8,4,2,15.3,0.317,True,86998.14,18.7,0.683,0
5.8,8.6,4,2,9.57,0.374,True,87004.35,24.43,0.626,0
5.6,8.8,4,2,9.46,0.375,True,87032.03,24.54,0.625,0
3.0,8.0,4,2,14.48,0.325,True,87063.23,19.52,0.675,0
4.2,8.8,4,2,11.08,0.358,True,87091.53,22.92,0.642,0
6.8,7.4,4,2,10.16,0.367,True,87108.51,23.84,0.633,0
3.8,8.6,4,2,11.99,0.349,True,87114.97,22.01,0.651,0
2.0,7.2,4,2,18.06,0.288,True,87165.11,15.94,0.712,0
6.2,8.0,4,2,10.09,0.367,True,87194.23,23.91,0.633,0
5.0,9.0,4,2,9.78,0.37,True,87214.45,24.22,0.63,0
4.8,9.0,4,2,10.0,0.368,True,87228.1,24.0,0.632,0
7.6,7.0,4,2,9.39,0.374,True,87242.24,24.61,0.626,0
3.2,8.2,4,2,13.69,0.331,True,87252.06,20.31,0.669,0
6.6,7.6,4,2,10.16,0.366,True,87266.09,23.84,0.634,0
5.2,9.0,4,2,9.56,0.372,True,87276.24,24.44,0.628,0
6.4,7.8,4,2,10.14,0.366,True,87293.24,23.86,0.634,0
1.6,7.0,4,2,19.09,0.276,True,87313.31,14.91,0.724,0
4.6,9.0,4,2,10.22,0.365,True,87327.39,23.78,0.635,0
5.8,8.8,4,2,9.21,0.374,True,87373.8,24.79,0.626,0
7.2,7.2,4,2,9.79,0.368,True,87400.86,24.21,0.632,0
5.4,9.0,4,2,9.33,0.372,True,87420.58,24.67,0.628,0
3.4,8.4,4,2,12.93,0.336,True,87441.63,21.07,0.664,0
6.0,8.4,4,2,9.66,0.369,True,87476.61,24.34,0.631,0
4.0,8.8,4,2,11.3,0.352,True,87490.01,22.7,0.648,0
7.8,7.0,4,2,9.05,0.375,True,87502.18,24.95,0.625,0
4.4,9.0,4,2,10.43,0.36,True,87522.83,23.57,0.64,0
2.2,7.4,4,2,17.19,0.292,True,87602.54,16.81,0.708,0
5.6,9.0,4,2,9.1,0.373,True,87630.49,24.9,0.627,0
8.0,7.0,4,2,8.72,0.376,True,87686.71,25.28,0.624,0
3.6,8.6,4,2,12.2,0.341,True,87691.85,21.8,0.659,0
7.0,7.4,4,2,9.82,0.364,True,87747.44,24.18,0.636,0
6.2,8.2,4,2,9.74,0.364,True,87818.7,24.26,0.636,0
7.4,7.2,4,2,9.45,0.367,True,87823.91,24.55,0.633,0
4.2,9.0,4,2,10.64,0.355,True,87824.76,23.36,0.645,0
5.8,9.0,4,2,8.87,0.373,True,87858.42,25.13,0.627,0
6.0,8.6,4,2,9.31,0.368,True,87890.63,24.69,0.632,0
2.4,7.6,4,2,16.34,0.297,True,87926.13,17.66,0.703,0
6.8,7.6,4,2,9.83,0.362,True,87963.82,24.17,0.638,0
3.8,8.8,4,2,11.5,0.345,True,87966.15,22.5,0.655,0
1.4,7.0,4,2,19.23,0.268,True,88010.03,14.77,0.732,0
6.4,8.0,4,2,9.79,0.362,True,88013.29,24.21,0.638,0
1.8,7.2,4,2,18.23,0.277,True,88048.14,15.77,0.723,0
6.6,7.8,4,2,9.82,0.361,True,88051.39,24.18,0.639,0
7.6,7.2,4,2,9.11,0.367,True,88136.94,24.89,0.633,0
2.6,7.8,4,2,15.5,0.304,True,88143.5,18.5,0.696,0
6.0,8.8,4,2,8.97,0.368,True,88224.05,25.03,0.632,0
4.0,9.0,4,2,10.84,0.349,True,88242.5,23.16,0.651,0
3.0,8.2,4,2,13.89,0.319,True,88249.38,20.11,0.681,0
7.2,7.4,4,2,9.49,0.362,True,88260.9,24.51,0.638,0
2.8,8.0,4,2,14.69,0.311,True,88262.02,19.31,0.689,0
6.2,8.4,4,2,9.39,0.363,True,88286.07,24.61,0.637,0
3.2,8.4,4,2,13.13,0.325,True,88334.9,20.87,0.675,0
7.8,7.2,4,2,8.79,0.368,True,88371.34,25.21,0.632,0
3.4,8.6,4,2,12.4,0.332,True,88414.52,21.6,0.668,0
6.0,9.0,4,2,8.64,0.369,True,88482.87,25.36,0.631,0
8.0,7.2,4,2,8.47,0.37,True,88532.22,25.53,0.63,0
7.0,7.6,4,2,9.51,0.359,True,88551.33,24.49,0.641,0
6.4,8.2,4,2,9.45,0.36,True,88557.19,24.55,0.64,0
3.6,8.8,4,2,11.7,0.337,True,88559.53,22.3,0.663,0
2.0,7.4,4,2,17.37,0.281,True,88573.35,16.63,0.719,0
7.4,7.4,4,2,9.16,0.362,True,88632.19,24.84,0.638,0
6.2,8.6,4,2,9.05,0.363,True,88668.87,24.95,0.637,0
6.8,7.8,4,2,9.51,0.358,True,88695.48,24.49,0.642,0
6.6,8.0,4,2,9.49,0.358,True,88695.87,24.51,0.642,0
3.8,9.0,4,2,11.03,0.342,True,88736.8,22.97,0.658,0
1.6,7.2,4,2,18.37,0.268,True,88798.53,15.63,0.732,0
7.6,7.4,4,2,8.84,0.362,True,88921.52,25.16,0.638,0
2.2,7.6,4,2,16.52,0.285,True,88941.21,17.48,0.715,0
6.2,8.8,4,2,8.72,0.363,True,88973.2,25.28,0.637,0
7.2,7.6,4,2,9.19,0.358,True,88985.45,24.81,0.642,0
6.4,8.4,4,2,9.12,0.359,True,88995.91,24.88,0.641,0
7.8,7.4,4,2,8.53,0.363,True,89134.13,25.47,0.637,0
7.0,7.8,4,2,9.2,0.356,True,89196.09,24.8,0.644,0
6.6,8.2,4,2,9.16,0.356,True,89197.05,24.84,0.644,0
2.4,7.8,4,2,15.69,0.291,True,89199.29,18.31,0.709,0
6.2,9.0,4,2,8.41,0.364,True,89204.75,25.59,0.636,0
6.8,8.0,4,2,9.19,0.355,True,89265.51,24.81,0.645,0
8.0,7.4,4,2,8.23,0.365,True,89274.99,25.77,0.635,0
3.4,8.8,4,2,11.89,0.328,True,89297.03,22.11,0.672,0
3.2,8.6,4,2,12.59,0.321,True,89321.35,21.41,0.679,0
7.4,7.6,4,2,8.88,0.358,True,89334.27,25.12,0.642,0
3.0,8.4,4,2,13.32,0.313,True,89337.95,20.68,0.687,0
3.6,9.0,4,2,11.22,0.334,True,89342.79,22.78,0.666,0
6.4,8.6,4,2,8.79,0.359,True,89351.96,25.21,0.641,0
2.6,8.0,4,2,14.87,0.298,True,89354.86,19.13,0.702,0
2.8,8.2,4,2,14.09,0.305,True,89408.78,19.91,0.695,0
1.8,7.4,4,2,17.52,0.27,True,89438.86,16.48,0.73,0
1.4,7.2,4,2,18.5,0.26,True,89457.06,15.5,0.74,0
7.6,7.6,4,2,8.57,0.358,True,89603.17,25.43,0.642,0
7.2,7.8,4,2,8.9,0.355,True,89608.26,25.1,0.645,0
6.6,8.4,4,2,8.85,0.355,True,89611.06,25.15,0.645,0
6.4,8.8,4,2,8.48,0.359,True,89631.31,25.52,0.641,0
6.8,8.2,4,2,8.88,0.354,True,89743.56,25.12,0.646,0
7.0,8.0,4,2,8.9,0.354,True,89743.95,25.1,0.646,0
7.8,7.6,4,2,8.28,0.359,True,89797.22,25.72,0.641,0
6.4,9.0,4,2,8.18,0.36,True,89839.51,25.82,0.64,0
2.0,7.6,4,2,16.68,0.275,True,89862.69,17.32,0.725,0
8.0,7.6,4,2,7.99,0.361,True,89921.18,26.01,0.639,0
7.4,7.8,4,2,8.6,0.355,True,89937.44,25.4,0.645,0
6.6,8.6,4,2,8.54,0.355,True,89944.16,25.46,0.645,0
3.4,9.0,4,2,11.39,0.325,True,90098.56,22.61,0.675,0
6.8,8.4,4,2,8.58,0.353,True,90136.29,25.42,0.647,0
7.2,8.0,4,2,8.61,0.353,True,90136.58,25.39,0.647,0
2.2,7.8,4,2,15.86,0.28,True,90164.75,18.14,0.72,0
1.6,7.4,4,2,17.66,0.262,True,90167.91,16.34,0.738,0
7.6,7.8,4,2,8.31,0.355,True,90188.72,25.69,0.645,0
7.0,8.2,4,2,8.6,0.352,True,90201.89,25.4,0.648,0
6.6,8.8,4,2,8.24,0.356,True,90202.2,25.76,0.644,0
3.2,8.8,4,2,12.07,0.317,True,90224.87,21.93,0.683,0
3.0,8.6,4,2,12.77,0.309,True,90324.53,21.23,0.691,0
2.4,8.0,4,2,15.05,0.286,True,90360.81,18.95,0.714,0
7.8,7.8,4,2,8.03,0.356,True,90366.95,25.97,0.644,0
6.6,9.0,4,2,7.95,0.357,True,90390.56,26.05,0.643,0
2.8,8.4,4,2,13.5,0.301,True,90442.05,20.5,0.699,0
7.4,8.0,4,2,8.33,0.352,True,90448.5,25.67,0.648,0
6.8,8.6,4,2,8.29,0.353,True,90449.8,25.71,0.647,0
2.6,8.2,4,2,14.26,0.293,True,90457.73,19.74,0.707,0
8.0,7.8,4,2,7.75,0.358,True,90476.74,26.25,0.642,0
7.0,8.4,4,2,8.32,0.351,True,90576.34,25.68,0.649,0
7.2,8.2,4,2,8.33,0.351,True,90577.05,25.67,0.649,0
7.6,8.0,4,2,8.05,0.353,True,90684.55,25.95,0.647,0
6.8,8.8,4,2,8.0,0.353,True,90689.76,26.0,0.647,0
1.8,7.6,4,2,16.83,0.265,True,90692.08,17.17,0.735,0
1.4,7.4,4,2,17.78,0.254,True,90791.73,16.22,0.746,0
7.8,8.0,4,2,7.78,0.354,True,90849.35,26.22,0.646,0
6.8,9.0,4,2,7.72,0.354,True,90861.44,26.28,0.646,0
7.0,8.6,4,2,8.04,0.351,True,90873.19,25.96,0.649,0
7.4,8.2,4,2,8.06,0.351,True,90873.77,25.94,0.649,0
7.2,8.4,4,2,8.06,0.35,True,90935.8,25.94,0.65,0
8.0,8.0,4,2,7.52,0.355,True,90947.31,26.48,0.645,0
3.2,9.0,4,2,11.56,0.314,True,91037.45,22.44,0.686,0
2.0,7.8,4,2,16.01,0.269,True,91041.16,17.99,0.731,0
7.6,8.2,4,2,7.8,0.351,True,91096.65,26.2,0.649,0
7.0,8.8,4,2,7.76,0.351,True,91097.94,26.24,0.649,0
3.0,8.8,4,2,12.24,0.306,True,91200.39,21.76,0.694,0
7.2,8.6,4,2,7.79,0.35,True,91218.57,26.21,0.65,0
7.4,8.4,4,2,7.8,0.35,True,91219.14,26.2,0.65,0
7.8,8.2,4,2,7.54,0.352,True,91250.08,26.46,0.648,0
7.0,9.0,4,2,7.5,0.352,True,91255.73,26.5,0.648,0
2.2,8.0,4,2,15.21,0.275,True,91280.83,18.79,0.725,0
8.0,8.2,4,2,7.29,0.354,True,91338.25,26.71,0.646,0
2.8,8.6,4,2,12.94,0.297,True,91367.07,21.06,0.703,0
2.4,8.2,4,2,14.43,0.282,True,91417.94,19.57,0.718,0
1.6,7.6,4,2,16.96,0.256,True,91418.32,17.04,0.744,0
7.2,8.8,4,2,7.53,0.35,True,91430.65,26.47,0.65,0
7.6,8.4,4,2,7.55,0.35,True,91430.65,26.45,0.65,0
2.6,8.4,4,2,13.67,0.289,True,91460.46,20.33,0.711,0
7.4,8.6,4,2,7.55,0.35,True,91490.09,26.45,0.65,0
7.8,8.4,4,2,7.31,0.351,True,91574.47,26.69,0.649,0
7.2,9.0,4,2,7.28,0.351,True,91600.61,26.72,0.649,0
7.6,8.6,4,2,7.31,0.35,True,91692.65,26.69,0.65,0
8.0,8.4,4,2,7.07,0.352,True,91695.83,26.93,0.648,0
7.4,8.8,4,2,7.3,0.35,True,91702.64,26.7,0.65,0
1.8,7.8,4,2,16.15,0.26,True,91829.87,17.85,0.74,0
7.8,8.6,4,2,7.08,0.35,True,91872.62,26.92,0.65,0
7.4,9.0,4,2,7.06,0.351,True,91878.84,26.94,0.649,0
7.6,8.8,4,2,7.08,0.35,True,91938.26,26.92,0.65,0
8.0,8.6,4,2,6.85,0.352,True,91961.34,27.15,0.648,0
3.0,9.0,4,2,11.73,0.303,True,91973.74,22.27,0.697,0
1.4,7.6,4,2,17.08,0.249,True,92020.94,16.92,0.751,0
7.8,8.8,4,2,6.86,0.351,True,92082.7,27.14,0.649,0
7.6,9.0,4,2,6.85,0.351,True,92087.47,27.15,0.649,0
2.0,8.0,4,2,15.36,0.265,True,92116.02,18.64,0.735,0
8.0,8.8,4,2,6.64,0.352,True,92187.01,27.36,0.648,0
2.8,8.8,4,2,12.4,0.294,True,92199.25,21.6,0.706,0
7.8,9.0,4,2,6.64,0.351,True,92249.18,27.36,0.649,0
2.2,8.2,4,2,14.58,0.271,True,92296.26,19.42,0.729,0
8.0,9.0,4,2,6.44,0.352,True,92351.17,27.56,0.648,0
2.6,8.6,4,2,13.1,0.285,True,92355.12,20.9,0.715,0
2.4,8.4,4,2,13.83,0.278,True,92377.22,20.17,0.722,0
1.6,7.8,4,2,16.28,0.252,True,92532.23,17.72,0.748,0
1.8,8.0,4,2,15.49,0.256,True,92867.59,18.51,0.744,0
2.8,9.0,4,2,11.88,0.292,True,92944.81,22.12,0.708,0
2.0,8.2,4,2,14.72,0.262,True,93093.7,19.28,0.738,0
1.4,7.8,4,2,16.39,0.245,True,93140.69,17.61,0.755,0
2.6,8.8,4,2,12.55,0.283,True,93146.79,21.45,0.717,0
2.2,8.4,4,2,13.98,0.268,True,93217.24,20.02,0.732,0
2.4,8.6,4,2,13.25,0.275,True,93249.11,20.75,0.725,0
1.6,8.0,4,2,15.61,0.248,True,93536.76,18.39,0.752,0
1.8,8.2,4,2,14.85,0.253,True,93811.33,19.15,0.747,0
2.6,9.0,4,2,12.02,0.281,True,93854.76,21.98,0.719,0
2.0,8.4,4,2,14.11,0.259,True,93980.02,19.89,0.741,0
2.4,8.8,4,2,12.69,0.273,True,94017.63,21.31,0.727,0
2.2,8.6,4,2,13.39,0.266,True,94049.25,20.61,0.734,0
1.4,8.0,4,2,15.72,0.242,True,94124.66,18.28,0.758,0
1.6,8.2,4,2,14.97,0.246,True,94450.21,19.03,0.754,0
1.8,8.4,4,2,14.23,0.251,True,94666.51,19.77,0.749,0
2.4,9.0,4,2,12.15,0.272,True,94691.33,21.85,0.728,0
2.0,8.6,4,2,13.51,0.257,True,94780.13,20.49,0.743,0
2.2,8.8,4,2,12.82,0.264,True,94801.78,21.18,0.736,0
1.4,8.2,4,2,15.07,0.239,True,95011.42,18.93,0.761,0
1.6,8.4,4,2,14.34,0.244,True,95277.72,19.66,0.756,0
1.8,8.6,4,2,13.63,0.249,True,95438.02,20.37,0.751,0
2.2,9.0,4,2,12.28,0.263,True,95455.09,21.72,0.737,0
2.0,8.8,4,2,12.94,0.256,True,95499.01,21.06,0.744,0
1.4,8.4,4,2,14.44,0.237,True,95814.58,19.56,0.763,0
1.6,8.6,4,2,13.73,0.242,True,96023.82,20.27,0.758,0
1.8,8.8,4,2,13.05,0.248,True,96130.54,20.95,0.752,0
2.0,9.0,4,2,12.39,0.255,True,96142.23,21.61,0.745,0
1.4,8.6,4,2,13.82,0.236,True,96538.41,20.18,0.764,0
1.6,8.8,4,2,13.15,0.242,True,96692.96,20.85,0.758,0
1.8,9.0,4,2,12.5,0.248,True,96748.61,21.5,0.752,0
1.4,8.8,4,2,13.24,0.236,True,97187.09,20.76,0.764,0
1.6,9.0,4,2,12.59,0.241,True,97289.44,21.41,0.759,0
1.4,9.0,4,2,12.67,0.236,True,97764.68,21.33,0.764,0
